{
  "Nx_cpp": 151,
  "Ny_cpp": 151,
  "Lx": 1.5000000000000004,
  "Ly": 1.5000000000000004,
  "alpha": 0.05,
  "T_final": 0.1,
  "dt_cpp": 0.0001,
  "ic_type": "gaussian",
  "gaussian_kx": 100.0,
  "gaussian_ky": 100.0,
  "tag": "heat2d",
  "solver_type": "heat2d",
  "save_anim": true,
  "N_anim_frames": 40,
  "steps_cpp": 1000,
  "run_id": "heat2d_20251126_230107_heat2d"
}